scenario,p_factor,dT_C,Q_mean_mm_yr,Q_5pct,Q_95pct
Baseline,1.0,0.0,622.751796516837,524.6265066599722,738.6090927789423
Wetter (+20% P),1.2,0.0,787.2784451088993,689.2529124942128,908.4249855641096
Drier  (-20% P),0.8,0.0,465.5535039858538,366.55190678456233,573.2424787385816
Warmer (+2 C),1.0,2.0,610.6066111826569,511.0020896454852,728.106010926013
Drier + Warmer,0.8,2.0,455.33610873294253,354.97524687982,564.1959676040142
